area_name.x,area_code,diabetes_qof_prevalence_17_yrs_17_yrs_persons,percentage_of_people_with_type_2_diabetes_aged_under_40_all_ages_persons,percentage_of_people_with_type_2_diabetes_aged_40_to_64_all_ages_persons,percentage_of_people_with_type_2_diabetes_aged_65_to_79_all_ages_persons,percentage_of_people_with_type_2_diabetes_aged_80_and_over_all_ages_persons,percentage_of_people_with_type_2_diabetes_recorded_as_male_all_ages_persons,percentage_of_people_with_type_2_diabetes_recorded_as_female_all_ages_persons,percentage_of_people_with_type_2_diabetes_recorded_as_white_all_ages_persons,percentage_of_people_with_type_2_diabetes_recorded_as_minority_ethnic_origin_all_ages_persons,people_with_type_2_diabetes_who_received_a_blood_glucose_test_all_ages_persons,people_with_type_2_diabetes_who_received_all_8_care_processes_all_ages_persons,people_with_type_2_diabetes_who_achieved_all_three_treatment_targets_all_ages_persons,people_with_type_2_diabetes_who_achieved_a_blood_glucose_level_of_48_mmol_mol_or_less_all_ages_persons,people_with_type_2_diabetes_who_achieved_a_blood_glucose_level_of_58_mmol_mol_or_less_all_ages_persons,people_with_type_2_diabetes_who_achieved_a_blood_glucose_level_of_86_mmol_mol_or_less_all_ages_persons,percentage_of_people_with_type_2_diabetes_who_were_offered_the_diabetes_structured_education_programme_within_12_months_of_diagnosis_all_ages_persons,percentage_of_people_with_type_2_diabetes_who_attended_the_diabetes_structured_education_programme_within_12_months_of_diagnosis_all_ages_persons,area_name.y,value
South Yorkshire ICB - 02P ,nE38000006,7.85053651036222,3.84492149951938,42.4543415571932,40.2435116949696,13.4572252483178,56.392181992951,43.607818007049,96.8920217878885,1.63409163729574,86.1262415892342,39.0900352451137,37.9965457685665,30.986964618249502,62.3836126629423,91.6945996275605,69.00584795,10.52631579,South Yorkshire ICB - 02P ,29.568
Mid and South Essex ICB - 99E ,nE38000007,6.65237292433065,3.79373848987109,42.9097605893186,38.0478821362799,15.2117863720074,56.390423572744,43.609576427256,69.8710865561694,16.7219152854512,85.7090239410681,20,38.1006218202374,36.1757105943152,67.1403962101637,93.7984496124031,72.5,3.125,Mid and South Essex ICB - 99E ,19.559
Nottingham and Nottinghamshire ICB - 02Q ,nE38000008,8.20793850908943,2.88590604026846,38.7248322147651,42.1476510067114,16.241610738255,56.7785234899329,43.2214765100671,82.2818791946309,2.68456375838926,85.503355704698,38.5906040268456,37.2745490981964,33.2285938727416,64.4933228593873,93.6370777690495,68.42105263,7.01754386,Nottingham and Nottinghamshire ICB - 02Q ,22.729
Lancashire and South Cumbria ICB - 00Q ,nE38000014,8.82728933892833,5.48236294092648,50.148746281343,33.6166595835104,10.7522311942201,53.7611559711007,46.1963450913727,53.2086697832554,43.0939226519337,85.3803654908627,54.4836379090523,34.5735546651402,30.7039440838742,61.7074388417374,92.2616075886171,68.51851852,7.407407407,Lancashire and South Cumbria ICB - 00Q ,34.189
Lancashire and South Cumbria ICB - 00R ,nE38000015,8.24702723436901,3.65853658536585,45.16711833785,37.6693766937669,13.5049683830172,57.6332429990967,42.3667570009033,91.1924119241192,3.74887082204155,80.6684733514002,37.6693766937669,36.3823933975241,32.6977005047672,60.9085810431856,90.6898485698261,71.42857143,2.857142857,Lancashire and South Cumbria ICB - 00R ,41.997
Greater Manchester ICB - 00T ,nE38000016,8.60490573687411,5.14477766287487,47.5180972078594,35.4963805584281,11.8407445708376,55.2481902792141,44.7518097207859,63.8831437435367,30.635987590486,81.7218200620476,26.3702171664943,36.6574694521088,32.5374084686406,62.4323463865011,90.2260426615727,59.5959596,0.505050505,Greater Manchester ICB - 00T ,28.42
Sussex ICB - 09D ,nE38000021,4.26544067753559,3.92620624408704,44.4654683065279,36.1873226111637,15.4210028382214,58.2308420056764,41.7218543046358,66.4616840113529,13.7653736991485,84.5316934720908,36.0454115421003,32.9710144927536,32.8821206993796,63.6773829667231,91.9345741680767,62.29508197,9.016393443,Sussex ICB - 09D ,23.441
Greater Manchester ICB - 00V ,nE38000024,7.37818038118977,3.89479008598887,44.1072331815883,37.4810318664643,14.5169448659585,56.398583712696,43.601416287304,58.9782498735458,14.8204350025291,81.9423368740516,37.1269600404653,37.0153621068032,33.1467661691542,63.5572139303483,92.1019900497512,61.44578313,4.819277108,Greater Manchester ICB - 00V ,21.769
West Yorkshire ICB - 02T ,nE38000025,7.49154126343405,4.54726765057838,44.5951336258476,37.5349022736338,13.3226964499402,56.0430793777423,43.9569206222577,76.82489030714,16.9126445951336,81.6912644595134,18.1092939768648,32.9619921363041,27.6908023483366,62.133072407045,90.8023483365949,67.88321168,2.919708029,West Yorkshire ICB - 02T ,24.607
Staffordshire and Stoke-on-Trent ICB - 04Y ,nE38000028,8.01570675880331,2.8673835125448,41.1589008363202,41.0394265232975,14.9342891278375,56.0334528076464,43.9665471923536,88.8888888888889,1.97132616487455,81.3620071684588,23.4767025089606,39.753320683112,34.1132075471698,62.6415094339623,92.0754716981132,72.72727273,6.060606061,Staffordshire and Stoke-on-Trent ICB - 04Y ,19.676
Mid and South Essex ICB - 99F ,nE38000030,7.47799624854073,2.16972034715526,36.1620057859209,44.6480231436837,17.0202507232401,57.907425265188,42.1407907425265,78.6403085824494,4.86981677917068,83.3654773384764,20.0578592092575,36.5892714171337,36.9212962962963,68.0555555555556,94.3865740740741,66.66666667,14.52991453,Mid and South Essex ICB - 99F ,13.906
Lancashire and South Cumbria ICB - 00X ,nE38000034,6.80506583204575,2.61780104712042,38.5340314136126,42.6178010471204,16.282722513089,56.1256544502618,43.9267015706806,86.2303664921466,3.08900523560209,83.5078534031414,29.1623036649215,37.037037037037,33.2704402515723,63.3962264150943,91.6981132075472,65.78947368,3.947368421,Lancashire and South Cumbria ICB - 00X ,17.451
South Yorkshire ICB - 02X ,nE38000044,8.33323789563697,4.04286410131515,42.5718460789089,38.9186556259133,14.4666341938626,55.9425231368729,44.0331222601072,89.5275207014126,5.99123234291281,87.6278616658549,42.474427666829,41.2091503267974,35.7540345019477,65.3032832498609,92.8491930996105,71.20418848,2.094240838,South Yorkshire ICB - 02X ,29.051
Dorset ICB - 11J ,nE38000045,6.85866076369673,2.60125905689512,34.6834540919349,42.6653996911747,20.0498871599952,57.2395771469296,42.7604228530704,82.4088371540563,3.67026962822188,87.5519657916617,40.3610880152037,32.2316701427884,29.1638341264446,62.6240652617267,92.4677090414684,54.84496124,19.76744186,Dorset ICB - 11J ,16.384
Hertfordshire and West Essex ICB - 06K ,nE38000049,6.16124080772665,3.58187134502924,41.7763157894737,37.5182748538012,17.1235380116959,56.5789473684211,43.4210526315789,77.5767543859649,13.5233918128655,85.5811403508772,35.5080409356725,37.5068343357026,33.1763698630137,66.4383561643836,93.8570205479452,43.60902256,9.77443609,Hertfordshire and West Essex ICB - 06K ,13.136
Lancashire and South Cumbria ICB - 01A ,nE38000050,7.78734350661522,4.48299166478937,44.4018923180897,37.6886686190583,13.4264473980626,55.7558008560487,44.2441991439513,72.1558909664339,21.806713223699,85.7850867312458,31.5386348276639,35.9193646915089,30.6680694371384,61.599158337717,92.2146238821673,68.14159292,2.654867257,Lancashire and South Cumbria ICB - 01A ,28.102
"Leicester, Leicestershire and Rutland ICB - 03W ",nE38000051,7.00684379304486,2.77777777777778,37.4183006535948,41.4760348583878,18.3278867102397,56.9444444444444,43.0555555555556,76.3344226579521,15.5773420479303,83.4150326797386,35.2668845315904,35.5268469923294,33.0486202365309,66.0315374507227,93.7910643889619,56.7251462,4.093567251,"Leicester, Leicestershire and Rutland ICB - 03W ",10.972
Humber and North Yorkshire ICB - 02Y ,nE38000052,8.05652219761679,2.22281026726647,34.4006350886478,44.9589838581635,18.4175707859222,57.3432124900767,42.6567875099233,80.5239481344271,3.86345594072506,84.5991002910823,32.0719767134162,35.797509039775,31.751021691292,63.6277900031437,92.360892801006,65.82914573,2.512562814,Humber and North Yorkshire ICB - 02Y ,16.25
Staffordshire and Stoke-on-Trent ICB - 05D ,nE38000053,7.63245835565419,3.60793746241732,41.250751653638,38.7251954299459,16.4161154539988,55.7426337943476,44.1972339146121,69.0318701142513,11.0042092603728,83.5838845460012,16.8370414912808,35.3938185443669,30.3030303030303,62.4819624819625,91.991341991342,51.1627907,5.813953488,Staffordshire and Stoke-on-Trent ICB - 05D ,18.017
Gloucestershire ICB - 11M ,nE38000062,6.82600821834695,3.13953488372093,38.7209302325581,40.5959302325581,17.5436046511628,56.9040697674419,43.0959302325581,78.546511627907,5.93023255813953,87.0639534883721,41.5843023255814,32.9748376623377,31.0120240480962,62.1576486305945,91.1155644622579,57.77777778,9.444444444,Gloucestershire ICB - 11M ,15.014
Cheshire and Merseyside ICB - 01F ,nE38000068,8.41262452285634,3.53443022547227,44.5460085313833,39.9756246191347,11.9439366240097,55.2711761121268,44.7288238878732,88.7263863497867,2.74223034734918,85.0700792199878,24.1925655088361,35.6227106227106,28.9303661162958,58.7939698492462,90.3804737975592,63.04347826,8.695652174,Cheshire and Merseyside ICB - 01F ,31.943
Hertfordshire and West Essex ICB - 06N ,nE38000079,6.07163195652091,3.94165653759333,43.3755860392429,37.1939572842507,15.5061642646293,56.3813162007293,43.6186837992707,65.0112866817156,24.1882271227644,86.5428025698906,37.4544191699948,37.5120540019286,33.0387628037759,65.5754167503515,93.0307290620607,70.80745342,6.211180124,Hertfordshire and West Essex ICB - 06N ,11.411
Greater Manchester ICB - 01D ,nE38000080,8.62390247831807,4.9468791500664,48.539176626826,35.0597609561753,11.4541832669323,54.9136786188579,45.1195219123506,66.9986719787517,31.3745019920319,84.4953519256308,35.7901726427623,37.5284997720018,31.2450748620961,61.3475177304965,90.8589440504334,67.5,5.833333333,Greater Manchester ICB - 01D ,33.684
Humber and North Yorkshire ICB - 03F ,nE38000085,7.68448804515814,4.85888856560954,45.5338958393948,36.9217340704102,12.6854815245854,55.2807681117253,44.7192318882747,84.928716904277,5.70264765784114,82.251963922025,27.0002909514111,31.9110304130731,32.0240622788394,61.8542108987969,90.3043170559094,55.70175439,3.50877193,Humber and North Yorkshire ICB - 03F ,41.235
Suffolk and North East Essex ICB - 06L ,nE38000086,6.56136875493768,3.33168805528134,37.314906219151,40.8440276406713,18.5093780848963,57.0829220138203,42.9170779861797,90.6959526159921,6.61401776900296,91.3129318854887,50.2467917077986,36.8522690698423,30.6543578604399,62.883518870486,92.9948411620961,56.93430657,2.919708029,Suffolk and North East Essex ICB - 06L ,17.395
Cornwall and The Isles Of Scilly ICB - 11N ,nE38000089,7.00211648825756,2.57448186528497,34.9417098445596,44.7215025906736,17.7784974093264,56.7033678756477,43.2966321243523,65.1716321243523,2.34779792746114,87.6943005181347,33.8082901554404,28.6997529755221,27.8747628083491,59.0702087286528,90.7779886148008,59.36599424,1.152737752,Cornwall and The Isles Of Scilly ICB - 11N ,23.784
Cheshire and Merseyside ICB - 01J ,nE38000091,8.08112347689037,3.81909547738693,47.1859296482412,35.7286432160804,13.2663316582915,55.1758793969849,44.8241206030151,93.1155778894472,2.66331658291457,83.6180904522613,28.0402010050251,40.3057119871279,34.4786015672092,63.7130801687764,91.4406268836649,63.36633663,1.98019802,Cheshire and Merseyside ICB - 01J ,41.387
"Leicester, Leicestershire and Rutland ICB - 04C ",nE38000097,9.62478628112633,5.63131718273705,53.1686186427082,31.6701427883844,9.52992138617038,53.2327931974972,46.7672068025028,29.5684261190438,68.3940317664046,86.7158671586716,30.017648002567,37.5403833728193,30.7978426631951,63.7902175934536,92.2447461409708,62.6911315,3.058103976,"Leicester, Leicestershire and Rutland ICB - 04C ",33.065
Cheshire and Merseyside ICB - 99A ,nE38000101,6.56585046938108,4.33599419448476,45.8817126269956,36.611030478955,13.1712626995646,55.6785195936139,44.3214804063861,81.2046444121916,12.155297532656,81.422351233672,31.8759071117562,36.4456079115765,32.4776785714286,63.3035714285714,90.9821428571429,65.18518519,0.740740741,Cheshire and Merseyside ICB - 99A ,41.126
Mid and South Essex ICB - 06Q ,nE38000106,6.97855629937694,3.125,39.0746124031008,41.5697674418605,16.2306201550388,57.1220930232558,42.8779069767442,84.3992248062015,7.00096899224806,87.3546511627907,4.72383720930233,35.0777934936351,31.2777777777778,64.5833333333333,92.8333333333333,71.9858156,14.89361702,Mid and South Essex ICB - 06Q ,13.889
Suffolk and North East Essex ICB - 06T ,nE38000117,7.14232529174451,3.0614870079753,36.5577566246463,43.2467198353486,17.1597633136095,56.8304605093903,43.1695394906097,90.9184461023926,5.99434010805248,92.4877797787497,72.9354257782351,39.585211902615,29.9329234209055,62.5768585802124,92.6215762996087,54.74137931,15.0862069,Suffolk and North East Essex ICB - 06T ,22.003
Humber and North Yorkshire ICB - 03H ,nE38000119,7.77013001201792,4.11027568922306,41.0526315789474,38.6466165413534,16.1904761904762,56.390977443609,43.6591478696742,86.516290726817,9.27318295739348,88.2706766917293,24.812030075188,39.8793565683646,32.0432555492316,63.4604439385316,92.145702902675,55.43478261,3.260869565,Humber and North Yorkshire ICB - 03H ,30.898
Humber and North Yorkshire ICB - 03K ,nE38000122,8.07263828099262,3.38078291814947,40.0355871886121,41.0142348754448,15.5693950177936,57.0729537366548,42.9715302491103,82.1174377224199,10.9875444839858,85.1423487544484,33.3185053380783,38.6064030131827,32.303664921466,64.6073298429319,94.0314136125654,61.11111111,0.925925926,Humber and North Yorkshire ICB - 03K ,21.363
Staffordshire and Stoke-on-Trent ICB - 05G ,nE38000126,7.84767387153018,2.63862332695985,37.2848948374761,41.8738049713193,18.2409177820268,57.3231357552581,42.7151051625239,88.7954110898662,2.94455066921606,82.1414913957935,24.5506692160612,38.8373531230674,33.8228327806727,64.2349597347229,92.4206537186168,58.16326531,4.081632653,Staffordshire and Stoke-on-Trent ICB - 05G ,17.322
North East and North Cumbria ICB - 99C ,nE38000127,7.82528422359839,3.50944851523332,40.7635942923255,39.9151561897416,15.8118010026996,54.7628229849595,45.2371770150405,90.6671808715773,4.473582722715,91.2070960277671,53.1430775163903,34.2446043165468,29.8178737822956,62.0923337568827,90.851334180432,51.94805195,9.090909091,North East and North Cumbria ICB - 99C ,21.279
North East and North Cumbria ICB - 00L,nE38000130,8.31533751683138,2.64677574590953,37.6804619826757,43.4552454282964,16.2175168431184,55.7747834456208,44.2492781520693,94.8989412897016,1.66025024061598,88.5707410972089,43.3830606352262,33.168775069423,30.5683981506663,62.1430514005983,90.9437041066086,73.77777778,4,North East and North Cumbria ICB - 00L,20.525
Greater Manchester ICB - 00Y ,nE38000135,8.49263052710467,6.11353711790393,49.8152502519315,32.8182734296271,11.2529392005375,54.3500167954316,45.6499832045684,59.9261001007726,36.042996305005,85.6231105139402,30.3661404098085,34.3955014058107,30.2005505308691,61.3841918993315,90.916240660637,58.91472868,1.550387597,Greater Manchester ICB - 00Y ,30.291
"Buckinghamshire, Oxfordshire and Berkshire West ICB - 10Q ",nE38000136,5.16131557114009,3.79768106200639,41.505629305999,37.909595026046,16.7870946059486,57.6541757687784,42.3458242312216,77.2475214249706,13.2750798185179,88.7413880020165,57.7549991598051,33.6464560204953,29.3025018953753,59.8180439727066,91.3949962092494,67.15976331,14.79289941,"Buckinghamshire, Oxfordshire and Berkshire West ICB - 10Q ",11.613
Hampshire and Isle Of Wight ICB - 10R ,nE38000137,6.84229862046567,4.77773161611965,46.1154964686332,35.4383049439136,13.6269214790195,54.7985043622767,45.2014956377233,72.5799750727046,12.5051931865393,81.0137100124636,40.0083090984628,34.4890510948905,27.6606683804627,62.2107969151671,89.6658097686375,46,4,Hampshire and Isle Of Wight ICB - 10R ,27.054
South Yorkshire ICB - 03L ,nE38000141,7.93605212241612,4.27485750474984,43.9835338822039,38.5053831538949,13.2362254591514,55.4464851171628,44.5218492716909,85.0538315389487,8.48638378720709,91.418619379354,39.1070297656745,33.7988826815642,29.7813259284971,61.1246095105866,91.66955918084,69.30232558,9.76744186,South Yorkshire ICB - 03L ,28.279
Greater Manchester ICB - 01G ,nE38000143,6.57780517022865,4.85216072782411,46.8915845337377,35.5951478392722,12.6990144048522,56.5959059893859,43.4420015163002,80.7808946171342,10.4245640636846,88.55193328279,30.5534495830174,40.0385914134105,36.3870967741936,67.6989247311828,92.6021505376344,54.73684211,14.21052632,Greater Manchester ICB - 01G ,32.959
South Yorkshire ICB - 03N ,nE38000146,6.58544557336405,4.7244094488189,43.3234908136483,36.1220472440945,15.8136482939633,54.9376640419948,45.0623359580052,72.9166666666667,19.258530183727,92.9461942257218,38.0741469816273,32.2380284512122,29.2019774011299,59.7281073446328,92.1080508474576,57.87965616,6.876790831,South Yorkshire ICB - 03N ,27.568
Somerset ICB - 11X ,nE38000150,7.40377655064011,2.58308157099698,35.0755287009063,43.8519637462236,18.4894259818731,56.797583081571,43.1873111782477,86.4652567975831,2.43202416918429,89.6978851963746,46.3141993957704,30.685780705153,27.8940263246709,59.5342558218022,91.36010799865,64.51612903,1.985111663,Somerset ICB - 11X ,17.783
Staffordshire and Stoke-on-Trent ICB - 05Q ,nE38000153,7.41394077242021,3.04,38.1866666666667,43.0933333333333,15.68,56.2133333333333,43.7866666666667,82.24,2.82666666666667,80.2666666666667,25.1733333333333,37.2312983662941,31.9277108433735,64.4578313253012,92.1686746987952,57.57575758,4.04040404,Staffordshire and Stoke-on-Trent ICB - 05Q ,15.02
Cheshire and Merseyside ICB - 01T ,nE38000161,7.40506131131131,3.4324942791762,41.9336384439359,39.8741418764302,14.7025171624714,55.6064073226545,44.3935926773455,94.9656750572082,2.97482837528604,83.466819221968,24.370709382151,35.045871559633,31.4266023432116,62.5775327360441,90.8339076498966,64.28571429,2.040816327,Cheshire and Merseyside ICB - 01T ,30.999
North East and North Cumbria ICB - 00N ,nE38000163,7.7181259718865,4.07191961924907,41.8297197250132,38.8683236382866,15.2300370174511,54.8387096774194,45.1612903225806,88.1015335801163,4.91803278688525,82.7075621364358,40.2961396086727,28.9432176656151,29.7953964194373,57.4808184143223,88.6828644501279,72.97297297,2.702702703,North East and North Cumbria ICB - 00N ,30.608
Mid and South Essex ICB - 99G ,nE38000168,6.87869239858212,3.65720524017467,42.0851528384279,39.1921397379913,15.0655021834061,56.3318777292576,43.6135371179039,74.9454148471616,16.4847161572052,79.203056768559,16.2663755458515,34.5924453280318,36.0689655172414,65.3103448275862,93.0344827586207,66.99029126,13.59223301,Mid and South Essex ICB - 99G ,24.516
Cheshire and Merseyside ICB - 01V ,nE38000170,7.27699084798542,2.07439198855508,34.9070100143062,41.9170243204578,21.173104434907,56.7238912732475,43.2761087267525,92.8469241773963,3.93419170243205,86.8383404864092,32.8326180257511,42.7692307692308,37.1900826446281,69.9173553719008,93.6363636363636,62.31884058,1.449275362,Cheshire and Merseyside ICB - 01V ,18.401
Cheshire and Merseyside ICB - 01X ,nE38000172,8.01008796210863,3.7037037037037,41.456228956229,40.4882154882155,14.3097643097643,56.3552188552189,43.6447811447811,89.520202020202,2.3989898989899,83.7542087542087,19.486531986532,40.5806887238352,36.2216624685139,64.8362720403023,91.8891687657431,55.37190083,1.652892562,Cheshire and Merseyside ICB - 01X ,29.809
Staffordshire and Stoke-on-Trent ICB - 05V ,nE38000173,6.9896327563013,2.65604249667995,35.3917662682603,43.4262948207171,18.4594953519256,57.2377158034529,42.7622841965471,81.6069057104914,4.51527224435591,81.0756972111554,27.0252324037185,36.8861024033438,35.2844187963726,65.6224237427865,93.3223413025556,61.40350877,8.771929825,Staffordshire and Stoke-on-Trent ICB - 05V ,13.147
Greater Manchester ICB - 01W ,nE38000174,6.7758719917313,3.35844318895166,41.8079096045198,38.8888888888889,15.9447583176397,56.9052102950408,43.0947897049592,66.8863779033271,11.4249843063402,89.2341494036409,38.2297551789077,39.3100681909346,32.4533614924322,66.5962689193946,93.4178106300598,65.59139785,1.612903226,Greater Manchester ICB - 01W ,19.108
Staffordshire and Stoke-on-Trent ICB - 05W ,nE38000175,8.55036834063186,5.08021390374332,43.6631016042781,37.9679144385027,13.3155080213904,55.4545454545455,44.572192513369,85.8823529411765,12.5401069518717,81.4705882352941,25.8021390374332,38.1689517912428,34.1160684334116,63.9718215363972,91.8483730291848,63.58024691,4.320987654,Staffordshire and Stoke-on-Trent ICB - 05W ,33.579
North East and North Cumbria ICB - 00P ,nE38000176,7.85884307144325,4.19336051252184,42.4868957483984,39.0215492137449,14.2981945253349,56.2026790914386,43.7973209085614,86.0803727431567,3.90215492137449,88.4100174723355,22.6266744321491,37.5856816450876,32.7949901120633,61.5688859591299,90.9360580092287,73.22404372,2.18579235,North East and North Cumbria ICB - 00P ,29.725
Mid and South Essex ICB - 07G ,nE38000185,7.13559710252813,4.7536231884058,50.0869565217391,34.2608695652174,10.8985507246377,56.1739130434783,43.8260869565217,70.5507246376812,20.8115942028986,86.8405797101449,20.1159420289855,40.1617250673854,34.3353373413494,65.3306613226453,93.3199732798931,74.38016529,4.958677686,Mid and South Essex ICB - 07G ,21.603
Greater Manchester ICB - 02A ,nE38000187,6.41187634869875,3.54020979020979,41.9143356643357,37.4125874125874,17.1765734265734,56.1188811188811,43.8811188811189,65.2972027972028,21.6346153846154,81.9055944055944,31.7307692307692,37.8983050847458,34.6895074946467,65.9528907922912,93.7366167023555,61.70212766,1.063829787,Greater Manchester ICB - 02A ,15.388
Humber and North Yorkshire ICB - 03Q ,nE38000188,5.61768326218474,2.78597181252049,35.6276630612914,43.1006227466404,18.4857423795477,57.2926909210095,42.7073090789905,77.8761061946903,2.88430022943297,86.2667977712226,36.6109472304163,32.3722812341932,28.1152647975078,60.2803738317757,92.7570093457944,63.75838926,16.10738255,Humber and North Yorkshire ICB - 03Q ,12.277
West Yorkshire ICB - 03R ,nE38000190,7.95633783775084,3.71909866549989,42.5289870925399,39.7506016189018,13.9794355720849,56.2021439509954,43.7978560490046,87.5957120980092,6.21308247648217,87.3988186392474,46.6637497265369,38.0658436213992,29.7541394882087,62.9202207727045,92.4485699949824,65.34653465,2.640264026,West Yorkshire ICB - 03R ,26.892
Cheshire and Merseyside ICB - 02E ,nE38000194,6.96070210744033,3.54364736387208,41.6162489196197,39.6715643906655,15.1685393258427,56.0933448573898,43.9066551426102,87.0354364736387,5.87726879861711,85.0907519446845,17.286084701815,36.8729641693811,32.8753180661578,66.2595419847328,92.9262086513995,65.69343066,2.919708029,Cheshire and Merseyside ICB - 02E ,19.312
Hertfordshire and West Essex ICB - 07H ,nE38000197,6.65977184405165,3.18066157760814,41.6984732824427,37.881679389313,17.2391857506361,56.4885496183206,43.5114503816794,71.7557251908397,10.7188295165394,84.5419847328244,32.2201017811705,35.4266538830297,34.2943854324734,65.0606980273141,92.298937784522,54.80769231,3.846153846,Hertfordshire and West Essex ICB - 07H ,16.06
Lancashire and South Cumbria ICB - 02G ,nE38000200,7.17877690176859,2.26130653266332,39.1122278056951,42.5460636515913,16.0804020100503,57.1189279731993,42.7973199329983,91.2897822445561,2.01005025125628,82.998324958124,27.3869346733668,42.8753180661578,35.0912778904665,66.5314401622718,92.4949290060852,64.1509434,1.886792453,Lancashire and South Cumbria ICB - 02G ,19.983
"Leicester, Leicestershire and Rutland ICB - 04V ",nE38000201,6.94666477288181,3.26540064844836,39.7869383974062,41.1069939786938,15.8638258452987,56.9013432144511,43.0986567855489,79.4580824455767,12.1120889300602,87.1236683649838,32.9087540528022,36.5546218487395,31.0547396528705,63.6582109479306,92.9506008010681,48.11320755,2.358490566,"Leicester, Leicestershire and Rutland ICB - 04V ",13.443
Suffolk and North East Essex ICB - 07K ,nE38000204,7.88471893802823,2.55671588044653,35.7940223262514,43.5722002160605,18.1130716600648,56.4638098667627,43.5361901332373,92.7619733525387,3.4209578682031,88.9088944904573,28.2319049333813,38.5048643113159,30.3448275862069,66.2880324543611,92.6977687626775,64.6875,7.1875,Suffolk and North East Essex ICB - 07K ,16.393
Greater Manchester ICB - 02H ,nE38000205,7.85614305921283,3.37820675641351,41.9100838201676,41.0972821945644,13.5890271780544,56.4135128270257,43.5864871729743,89.0525781051562,4.24180848361697,80.01016002032,8.58521717043434,41.8222222222222,36.2941738299904,66.4756446991404,92.4227952881248,66.82692308,3.846153846,Greater Manchester ICB - 02H ,24.857
Cheshire and Merseyside ICB - 12F ,nE38000208,7.3632977330268,3.31460674157303,39.747191011236,40.4775280898876,16.4325842696629,56.5168539325843,43.4550561797753,90.8426966292135,4.57865168539326,87.6966292134831,25.0842696629213,39.4534257120862,37.9365587952579,67.0618391541173,92.3742390259532,72.09302326,1.744186047,Cheshire and Merseyside ICB - 12F ,26.892
North East and North Cumbria ICB - 13T ,nE38000212,6.88758358773077,4.80958340783122,44.3768996960486,36.2417307348471,14.571786161273,55.1045950295012,44.8954049704988,83.9620954764885,11.9971392812444,89.8623279098874,41.8916502771321,34.5574817518248,28.1723862729449,59.976057462091,89.3854748603352,64.64088398,4.419889503,North East and North Cumbria ICB - 13T ,27.297
North East and North Cumbria ICB - 01H ,nE38000215,8.15089603750254,2.45413981160139,36.5642042637581,43.1085770946951,17.8730788299455,56.1229548834903,43.8770451165097,84.9281110560238,1.31383242439266,87.431829449677707,38.9439762022806,37.5452451464298,29.2338709677419,63.9688940092166,91.5322580645161,75.29411765,1.176470588,North East and North Cumbria ICB - 01H ,21.23
Greater Manchester ICB - 14L ,nE38000217,6.45973994193742,6.21279194016181,54.6023507861395,29.7206533353686,9.46420393833003,55.3045336589834,44.6954663410166,49.4275683101816,46.038772706457,83.9413829949626,38.0094642039383,32.8101802757158,28.9921346259374,59.1366380098774,90.2505944759466,62.61398176,2.127659574,Greater Manchester ICB - 14L ,NA
"Buckinghamshire, Oxfordshire and Berkshire West ICB - 15A ",nE38000221,5.66209902339721,4.73525613430908,45.2001721911322,36.0094705122686,14.0551011622901,57.1459319845028,42.8540680154972,63.5815755488592,23.3964700817908,86.1170899698666,52.4106758501937,34.4664498965415,29.9546142208775,62.7836611195159,92.965204236006,62.58278146,8.940397351,"Buckinghamshire, Oxfordshire and Berkshire West ICB - 15A ",11.828
"Bristol, North Somerset and South Gloucestershire ICB - 15C ",nE38000222,6.12422243388483,3.81559690570771,42.3165377378214,38.1455153669245,15.7118962993937,56.6485469370688,43.3514530629312,77.4200292703324,13.035751620322,86.5251933932678,38.9086347480661,31.8061284619918,28.6922890983805,60.7324147933285,91.0321489001692,72.85974499,10.74681239,"Bristol, North Somerset and South Gloucestershire ICB - 15C ",19.693
"Buckinghamshire, Oxfordshire and Berkshire West ICB - 14Y ",nE38000223,6.26570324167618,3.96551724137931,42.088122605364,37.5287356321839,16.3984674329502,57.2413793103448,42.7586206896552,63.4865900383142,23.3716475095785,86.7241379310345,47.6819923371648,33.9181286549708,34.7508305647841,64.1860465116279,92.358803986711,73.28244275,22.51908397,"Buckinghamshire, Oxfordshire and Berkshire West ICB - 14Y ",10.027
West Yorkshire ICB - 15F ,nE38000225,6.54735875006725,4.67529569292569,44.1196161571078,36.2865431823254,14.9185449676412,55.1997322026333,44.8002677973667,77.0363758089712,22.0040169604999,89.1765230975229,48.1365766569962,33.5821966977746,31.757180484134,63.2133450395083,91.6718926376521,58.90985325,6.498951782,West Yorkshire ICB - 15F ,27.301
Lancashire and South Cumbria ICB - 02M ,nE38000226,7.34925661247992,2.08535402521823,34.8690591658584,44.8108632395732,18.2347235693501,57.7109602327837,42.3375363724539,90.4946653734239,1.64888457807953,83.996120271581,45.4898157129001,38.5139740967962,34.2013888888889,64.9884259259259,93.1134259259259,58.94736842,1.052631579,Lancashire and South Cumbria ICB - 02M ,18.723
Lancashire and South Cumbria ICB - 01E ,nE38000227,6.55257566186183,4.40758293838863,44.1706161137441,36.1611374407583,15.2132701421801,56.7772511848341,43.175355450237,71.042654028436,24.218009478673,85.2132701421801,31.3270142180095,39.4718554551772,32.7566964285714,63.9508928571429,91.796875,72.72727273,3.636363636,Lancashire and South Cumbria ICB - 01E ,23.938
Lancashire and South Cumbria ICB - 01K ,nE38000228,6.85263837450307,2.59249257358898,35.5117472319741,43.0731839049419,18.8495814204699,55.2254928436403,44.8015122873346,87.3886038347286,2.1874156089657,81.5014852822036,37.2940858763165,31.2549642573471,37.6744186046512,67.0099667774086,92.4252491694352,72.39263804,0.613496933,Lancashire and South Cumbria ICB - 01K ,21.78
Devon ICB - 15N ,nE38000230,7.21866513028415,2.7733177638301,35.140855349584,42.6288133119253,19.4570135746606,55.8604583272515,44.1395416727485,73.1717997372646,2.80251058239673,89.0526930375128,42.0887461684426,34.0041229017375,30.9900746452301,64.34254778115,92.5108686736117,73.69668246,25,Devon ICB - 15N ,20.17
"Bath and North East Somerset, Swindon and Wiltshire ICB - 92G ",nE38000231,6.95783374345473,3.4561981819998,40.7651583258416,39.0670262711018,16.7016282089701,56.4179402657077,43.5820597342923,66.3570072919788,8.41074817700529,89.5015482968734,44.9006093297373,33.8479501816295,30.4770416713216,63.8587867277399,92.5259747514244,61.44200627,15.36050157,NA,NA
West Yorkshire ICB - 36J ,nE38000232,8.92151847951457,6.35368866925521,48.0291799035181,32.6273679256383,12.9897635015884,53.053300388281,46.946699611719,48.3115660665961,45.770090598894,89.5399458759854,34.3334509942346,32.5606891151135,29.4512435846822,60.00789577576,90.5250690880379,55.38116592,5.156950673,NA,NA
Cheshire and Merseyside ICB - 27D ,nE38000233,6.73141710939368,2.97829379101464,38.0742049469965,41.0777385159011,17.8697627460878,56.8147400302877,43.1726400807673,88.2130237253912,3.19283190307925,85.3987884906613,33.1903079252903,33.9744775291289,34.1929746554024,65.5698829109234,93.0042982066103,70.08547009,5.413105413,NA,NA
North East and North Cumbria ICB - 84H ,nE38000234,8.25810091016587,3.44483985765125,41.3665480427046,40.6548042704626,14.5338078291815,55.729537366548,44.270462633452,95.4163701067616,1.73665480427046,89.7935943060498,33.7935943060498,35.978835978836,30.5908513341804,62.9606099110546,92.1219822109276,64.83739837,4.87804878,NA,NA
Sussex ICB - 97R ,nE38000235,7.07084832108497,2.6,36.25,42.55,18.6166666666667,56.45,43.55,77,5.51666666666667,83.9833333333333,38.7166666666667,33.7056341523951,31.9712975882001,64.1419174805661,92.8642615108631,53.84615385,2.564102564,NA,NA
Herefordshire and Worcestershire ICB - 18C ,nE38000236,7.41096222722129,2.71317829457364,36.5227021040975,42.4031007751938,18.3610188261351,56.7331118493909,43.2668881506091,77.6854928017719,4.07530454042082,84.2524916943522,29.6124031007752,35.4194187582563,30.7611272056887,64.4324466684224,93.0076376086384,70.57471264,2.528735632,NA,NA
Kent and Medway ICB - 91Q ,nE38000237,7.03847098517264,3.34372485921158,41.2107803700724,40.2453740949316,15.1950925181014,56.8131536604988,43.1818181818182,77.8811343523733,8.81436041834272,82.7182220434433,28.6806114239743,34.4789790965317,31.0727572116851,63.9202293102397,92.1144111727755,65.08355321,8.707124011,NA,NA
Lincolnshire ICB - 71E ,nE38000238,7.89316484257678,2.84090909090909,37.8305785123967,42.3347107438017,16.9834710743802,56.5495867768595,43.4400826446281,86.8078512396694,3.00619834710744,89.9070247933884,34.1632231404959,36.8370431437208,31.3370954739145,63.1463779799608,92.8711274904987,69.53488372,2.325581395,NA,NA
Norfolk and Waveney ICB - 26A ,nE38000239,7.60882965393728,2.95819935691318,36.0128617363344,42.7411575562701,18.2877813504823,56.2379421221865,43.7620578778135,82.9180064308682,3.36816720257235,88.6495176848875,36.8006430868167,33.1106974707106,30.6457464175585,62.8060946852893,92.245601306004,59.4017094,3.561253561,NA,NA
North Central London ICB - 93C ,nE38000240,6.07192122913,4.50846143909056,49.2959565947552,33.4775868750807,12.7244542048831,53.8883865133704,46.1116134866296,41.1380958532489,53.8173362614649,84.7306549541403,36.2485466993928,41.4199006805223,33.0575346663602,65.4255726652877,91.8179728797978,67.578125,4.817708333,NA,NA
Humber and North Yorkshire ICB - 42D ,nE38000241,6.81934138577402,2.31877532642954,35.3894642053129,42.9761368752814,19.2931112111661,56.9788383610986,43.0211616389014,78.0504277352544,2.45384961728951,90.8599729851418,44.3043674020711,36.8482039397451,32.2169457635591,66.1084728817796,94.0014996250937,56.07843137,5.490196078,NA,NA
Nottingham and Nottinghamshire ICB - 52R ,nE38000243,6.90651850434945,4.2025672586601,42.9664146298576,37.875857218217,14.963952874978,55.5389484789872,44.4610515210128,81.158783189731,14.4979778442061,89.950764902409,38.5704237735185,31.642034213895,29.6582786644473,61.1475570351513,91.2660334867326,56.95364238,6.456953642,NA,NA
South East London ICB - 72Q ,nE38000244,6.28027592817651,4.6698957565547,51.6584184479309,31.7047488680636,11.9616721069812,53.3800147414973,46.6199852585027,47.088554280299,49.8631146677898,84.2687164367695,42.1817416026114,35.8758348512447,32.4200626959248,62.7899686520376,90.0815047021944,66.08187135,7.992202729,NA,NA
South West London ICB - 36L ,nE38000245,5.73531761595561,4.42903247957152,48.1906200645471,34.560186774703,12.8132939641557,55.421273089336,44.578726910664,44.125523587173,50.6214378905445,85.779029046213,42.02430817826,35.4867083659109,31.9388576025744,63.8133547868061,91.6894609814964,72.78911565,7.619047619,NA,NA
Surrey Heartlands  ICB - 92A ,nE38000246,5.73249406739972,3.32200416620985,39.3158644885429,38.7457515623287,18.6163797829185,57.7129700690714,42.2760662208091,70.35412783686,15.4040127179037,86.9970397982677,45.6967437780945,37.1531423428829,36.0991651909942,68.7958512522135,93.6630407285606,65.0273224,9.471766849,NA,NA
North East and North Cumbria ICB - 16C ,nE38000247,7.71566679933165,4.49079754601227,43.4969325153374,38.3803680981595,13.6319018404908,55.5460122699387,44.4539877300614,85.1411042944785,6.68711656441718,89.2515337423313,33.0920245398773,35.8859339955143,29.1655191407326,62.2142660424126,91.6138804736987,70.80152672,4.007633588,NA,NA
Sussex ICB - 70F ,nE38000248,7.37590367921739,3.12035661218425,36.9489846458643,40.8717186726102,19.0589400693413,56.186230807330404,43.8038632986627,66.8746904408123,9.47994056463596,85.9930658741951,43.1896978702328,33.4776536312849,30.7950468695753,64.587432010184,92.7207499132045,64.82142857,3.928571429,NA,NA
"Bedfordshire, Luton and Milton Keynes ICB - M1J4Y ",nE38000249,7.17462311710731,5.3368729403149,47.7023068473087,34.4745514463566,12.4862687660198,55.8678139875503,44.1321860124497,54.7143903332113,32.2226290735994,87.0102526547052,39.4269498352252,31.6145181476846,28.877400295421,61.9117957374974,91.6543574593796,60.82474227,10.16200295,NA,NA
Coventry and Warwickshire ICB - B2M3M ,nE38000251,6.87113530151101,3.98358055788786,42.7092079485027,38.2964828808658,15.0107286127437,55.7794570389029,44.2205429610971,67.8048325403489,20.4403395839164,84.7467114469633,22.5860621326616,38.5645654389285,31.9050248481502,65.0138045278851,93.1308669243512,67.95952782,4.047217538,NA,NA
Frimley ICB - D4U1Y ,nE38000252,6.89650294473147,4.68710731339533,46.3307363659211,35.2349836642372,13.7597386277959,56.5343051017844,43.4656948982156,58.6328223171651,34.2674038703192,87.4717265644634,49.2837396330736,36.4114751315566,32.430095128279,65.364658402998,92.951859325454,72.19730942,15.69506726,NA,NA
Hampshire and Isle Of Wight ICB - D9Y0V ,nE38000253,6.7262670872151,3.32157196739263,39.0923470008517,40.5706290302957,17.01545200146,56.3328872125563,43.6671127874437,75.5505535953279,6.20513444457963,83.580727582431,32.9967149288235,33.5759781619654,30.4541471962617,62.8431658878505,92.1290887850467,67.64069264,9.74025974,NA,NA
West Yorkshire ICB - X2C4Y ,nE38000254,8.14582027417899,5.56080953281634,46.5292226215245,35.1428031019482,12.7482504255722,54.870436920749,45.129563079251,60.7717041800643,33.9133724229242,88.5379232078684,37.0342349158313,33.4097859327217,26.8778086882089,62.1442328268778,91.4187887866467,68.95604396,11.26373626,NA,NA
North East London ICB - A3A8R ,nE38000255,7.62739556114731,6.92817888952056,55.6187227591435,28.0613985218874,9.39169982944855,53.7350767481524,46.2649232518476,30.3316278188365,67.6823953003601,83.2328974796286,41.5387530794012,37.5923970432946,29.0493281796429,60.5282532670716,90.56690594515,65.61151079,4.748201439,NA,NA
North West London ICB - W2U3Z ,nE38000256,7.2492836151739,5.62455296183107,51.4825411275115,31.7153260940243,11.1775798166331,54.876780024709,45.123219975291,27.531048832824,68.8406268287925,86.4718122114572,43.1464984719423,38.2036824949344,32.6472809667674,66.5030211480363,92.7907854984894,61.38007791,8.235948804,NA,NA
"Shropshire, Telford and Wrekin ICB - M2L0M ",nE38000257,7.27388106524545,2.82767206117731,38.5381468966744,42.1661035034679,16.4502934376667,56.9802596478748,43.0019562511115,85.7371509870176,5.47750311221768,85.6482304819491,20.4339320647341,33.0647257603327,30.1247401247401,61.2681912681913,91.7671517671518,75.09881423,2.371541502,NA,NA
Birmingham and Solihull ICB - 15E ,nE38000258,8.78335186677232,3.5949044037232802,41.8188146647665,38.970102419829104,15.46358355142535,56.33238247090695,43.66313032855895,78.59341010517821,8.44856598210619,85.74402649364055,35.38746273363145,35.94910033517245,31.754101087713,63.592501966746,92.19164929048125,64.82941346999999,4.2072774525,NA,NA
Black Country ICB - D2P2L ,nE38000259,8.9277903286025,3.5949044037232802,41.8188146647665,38.970102419829104,15.46358355142535,56.33238247090695,43.66313032855895,78.59341010517821,8.44856598210619,85.74402649364055,35.38746273363145,35.94910033517245,31.754101087713,63.592501966746,92.19164929048125,64.82941346999999,4.2072774525,NA,NA
Cambridgeshire and Peterborough ICB - 06H ,nE38000260,6.27238896810768,3.5949044037232802,41.8188146647665,38.970102419829104,15.46358355142535,56.33238247090695,43.66313032855895,78.59341010517821,8.44856598210619,85.74402649364055,35.38746273363145,35.94910033517245,31.754101087713,63.592501966746,92.19164929048125,64.82941346999999,4.2072774525,NA,NA
Derby and Derbyshire ICB - 15M ,nE38000261,7.66222402259365,3.5949044037232802,41.8188146647665,38.970102419829104,15.46358355142535,56.33238247090695,43.66313032855895,78.59341010517821,8.44856598210619,85.74402649364055,35.38746273363145,35.94910033517245,31.754101087713,63.592501966746,92.19164929048125,64.82941346999999,4.2072774525,NA,NA
Northamptonshire ICB - 78H ,nE38000262,7.03780963558867,3.5949044037232802,41.8188146647665,38.970102419829104,15.46358355142535,56.33238247090695,43.66313032855895,78.59341010517821,8.44856598210619,85.74402649364055,35.38746273363145,35.94910033517245,31.754101087713,63.592501966746,92.19164929048125,64.82941346999999,4.2072774525,NA,NA
Greater Manchester ICB - 01Y ,nE38000263,8.43908556438901,3.5949044037232802,41.8188146647665,38.970102419829104,15.46358355142535,56.33238247090695,43.66313032855895,78.59341010517821,8.44856598210619,85.74402649364055,35.38746273363145,35.94910033517245,31.754101087713,63.592501966746,92.19164929048125,64.82941346999999,4.2072774525,NA,NA
